{
	"Version": 3,
	"Parameters": [
		{
			"Id": "Param74",
			"GroupId": "ParamGroup2",
			"Name": "해킹중"
		},
		{
			"Id": "Param87",
			"GroupId": "ParamGroup2",
			"Name": "이펙트 왼쪽3 상하"
		},
		{
			"Id": "Param88",
			"GroupId": "ParamGroup2",
			"Name": "이펙트 왼쪽2 상하"
		},
		{
			"Id": "Param89",
			"GroupId": "ParamGroup2",
			"Name": "이펙트 왼쪽1 상하"
		},
		{
			"Id": "Param86",
			"GroupId": "ParamGroup2",
			"Name": "이펙트 오른쪽3 상하"
		},
		{
			"Id": "Param84",
			"GroupId": "ParamGroup2",
			"Name": "이펙트 오른쪽2 상하"
		},
		{
			"Id": "Param85",
			"GroupId": "ParamGroup2",
			"Name": "이펙트 오른쪽1 상하"
		},
		{
			"Id": "Param62",
			"GroupId": "",
			"Name": "하트눈"
		},
		{
			"Id": "Param100",
			"GroupId": "",
			"Name": "빠직"
		},
		{
			"Id": "Param63",
			"GroupId": "",
			"Name": "경멸"
		},
		{
			"Id": "Param49",
			"GroupId": "",
			"Name": "왼쪽 속눈썹 물리"
		},
		{
			"Id": "Param50",
			"GroupId": "",
			"Name": "왼쪽 속눈썹 물리 전체"
		},
		{
			"Id": "Param",
			"GroupId": "",
			"Name": "오른쪽 속눈썹 물리"
		},
		{
			"Id": "Param2",
			"GroupId": "",
			"Name": "오른쪽 속눈썹 물리 전체"
		},
		{
			"Id": "ParamEyeLOpen",
			"GroupId": "",
			"Name": "왼쪽 눈 깜빡임"
		},
		{
			"Id": "ParamEyeLSmile",
			"GroupId": "",
			"Name": "왼쪽 눈 미소"
		},
		{
			"Id": "ParamEyeROpen",
			"GroupId": "",
			"Name": "오른쪽 눈 깜빡임"
		},
		{
			"Id": "ParamEyeRSmile",
			"GroupId": "",
			"Name": "오른쪽 눈 미소"
		},
		{
			"Id": "Param17",
			"GroupId": "",
			"Name": "*각도x"
		},
		{
			"Id": "Param18",
			"GroupId": "",
			"Name": "*각도y"
		},
		{
			"Id": "ParamAngleZ2",
			"GroupId": "",
			"Name": "*각도 Z"
		},
		{
			"Id": "ParamAngleX",
			"GroupId": "",
			"Name": "각도 X"
		},
		{
			"Id": "ParamAngleY",
			"GroupId": "",
			"Name": "각도 Y"
		},
		{
			"Id": "ParamAngleZ",
			"GroupId": "",
			"Name": "각도 Z"
		},
		{
			"Id": "ParamBodyAngleX",
			"GroupId": "",
			"Name": "몸의 회전 X"
		},
		{
			"Id": "ParamBodyAngleY",
			"GroupId": "",
			"Name": "몸의 회전　Y"
		},
		{
			"Id": "ParamBodyAngleZ",
			"GroupId": "",
			"Name": "몸의 회전 Z"
		},
		{
			"Id": "ParamBodyAngleX2",
			"GroupId": "",
			"Name": "*몸의 회전 X"
		},
		{
			"Id": "ParamBodyAngleX3",
			"GroupId": "",
			"Name": "*몸의 회전 y"
		},
		{
			"Id": "ParamBodyAngleZ2",
			"GroupId": "",
			"Name": "*몸의 회전 Z"
		},
		{
			"Id": "ParamMouthForm",
			"GroupId": "",
			"Name": "입 변형"
		},
		{
			"Id": "ParamMouthOpenY",
			"GroupId": "",
			"Name": "입 여닫기"
		},
		{
			"Id": "Paramouthfunnel4",
			"GroupId": "",
			"Name": "볼 부풀리기"
		},
		{
			"Id": "Paramouthfunnel3",
			"GroupId": "",
			"Name": "*볼부풀리기"
		},
		{
			"Id": "Param15",
			"GroupId": "",
			"Name": "혀내밀기"
		},
		{
			"Id": "MouthX",
			"GroupId": "",
			"Name": "입 X"
		},
		{
			"Id": "Param3",
			"GroupId": "",
			"Name": "블랜드쉐이프 입 위쪽"
		},
		{
			"Id": "Param4",
			"GroupId": "",
			"Name": "블랜드쉐이프 입 아래쪽"
		},
		{
			"Id": "Param16",
			"GroupId": "",
			"Name": "오른팔 물리1"
		},
		{
			"Id": "Param75",
			"GroupId": "",
			"Name": "오른팔 물리2"
		},
		{
			"Id": "Param80",
			"GroupId": "",
			"Name": "오른팔 물리3"
		},
		{
			"Id": "Param61",
			"GroupId": "",
			"Name": "왼팔 물리1"
		},
		{
			"Id": "Param81",
			"GroupId": "",
			"Name": "왼팔 물리2"
		},
		{
			"Id": "Param82",
			"GroupId": "",
			"Name": "왼팔 물리3"
		},
		{
			"Id": "Param13",
			"GroupId": "",
			"Name": "프릴흔들림"
		},
		{
			"Id": "Param41",
			"GroupId": "",
			"Name": "프릴y"
		},
		{
			"Id": "Param14",
			"GroupId": "",
			"Name": "프릴 오른쪽 흔들림 xy"
		},
		{
			"Id": "Param99",
			"GroupId": "",
			"Name": "프릴 왼쪽 흔들림 xy"
		},
		{
			"Id": "Param9",
			"GroupId": "",
			"Name": "치마y 흔들림2"
		},
		{
			"Id": "Param8",
			"GroupId": "",
			"Name": "치마y 흔들림3"
		},
		{
			"Id": "Param11",
			"GroupId": "",
			"Name": "치마흔들림x2"
		},
		{
			"Id": "Param10",
			"GroupId": "",
			"Name": "치마흔들림x3"
		},
		{
			"Id": "Param7",
			"GroupId": "",
			"Name": "얼굴 회전 물리"
		},
		{
			"Id": "Param12",
			"GroupId": "",
			"Name": "다리 흔들림x"
		},
		{
			"Id": "Param25",
			"GroupId": "",
			"Name": "다리 흔들림x2"
		},
		{
			"Id": "Param5",
			"GroupId": "",
			"Name": "가슴 흔들림X"
		},
		{
			"Id": "Param6",
			"GroupId": "",
			"Name": "가슴 흔들림Y"
		},
		{
			"Id": "ParamEyeBallX",
			"GroupId": "",
			"Name": "눈 X"
		},
		{
			"Id": "ParamEyeBallY",
			"GroupId": "",
			"Name": "눈 Y"
		},
		{
			"Id": "Param42",
			"GroupId": "",
			"Name": "오른쪽 눈동자 물리"
		},
		{
			"Id": "Param47",
			"GroupId": "",
			"Name": "눈 하이라이트 오른쪽 1 뽀잉뽀잉"
		},
		{
			"Id": "Param44",
			"GroupId": "",
			"Name": "눈 하이라이트 오른쪽 3 뽀잉뽀잉"
		},
		{
			"Id": "Param45",
			"GroupId": "",
			"Name": "눈 하이라이트 오른쪽 4 뽀잉뽀잉"
		},
		{
			"Id": "Param46",
			"GroupId": "",
			"Name": "홍채 오른쪽 뽀잉뽀잉"
		},
		{
			"Id": "Param43",
			"GroupId": "",
			"Name": "왼쪽 눈동자 물리"
		},
		{
			"Id": "Param48",
			"GroupId": "",
			"Name": "홍채 왼쪽 뽀잉뽀잉"
		},
		{
			"Id": "Param51",
			"GroupId": "",
			"Name": "눈 하이라이트 왼쪽 3 뽀잉뽀잉"
		},
		{
			"Id": "Param52",
			"GroupId": "",
			"Name": "눈 하이라이트 왼쪽 1 뽀잉뽀잉"
		},
		{
			"Id": "Param53",
			"GroupId": "",
			"Name": "눈 하이라이트 왼쪽 4 뽀잉뽀잉"
		},
		{
			"Id": "ParamBrowLX",
			"GroupId": "",
			"Name": "왼쪽 눈썹 좌우로"
		},
		{
			"Id": "ParamBrowLY",
			"GroupId": "",
			"Name": "왼쪽 눈썹 위아래로"
		},
		{
			"Id": "ParamBrowRX",
			"GroupId": "",
			"Name": "오른쪽 눈썹 좌우로"
		},
		{
			"Id": "ParamBrowRY",
			"GroupId": "",
			"Name": "오른쪽 눈썹 위아래로"
		},
		{
			"Id": "ParamBrowLAngle",
			"GroupId": "",
			"Name": "왼쪽 눈썹 각도"
		},
		{
			"Id": "ParamBrowLForm",
			"GroupId": "",
			"Name": "왼쪽 눈썹 변형"
		},
		{
			"Id": "ParamBrowRAngle",
			"GroupId": "",
			"Name": "오른쪽 눈썹 각도"
		},
		{
			"Id": "ParamBrowRForm",
			"GroupId": "",
			"Name": "오른쪽 눈썹 변형"
		},
		{
			"Id": "ParamMouthOpenY4",
			"GroupId": "",
			"Name": "턱 여닫기"
		},
		{
			"Id": "ParamCheek",
			"GroupId": "",
			"Name": "수줍은"
		},
		{
			"Id": "ParamBreath",
			"GroupId": "",
			"Name": "호흡"
		},
		{
			"Id": "Param60",
			"GroupId": "",
			"Name": "spin"
		},
		{
			"Id": "Param73",
			"GroupId": "",
			"Name": "이펙트 오른쪽1"
		},
		{
			"Id": "ParamHairBack7",
			"GroupId": "ParamGroup",
			"Name": "리본 y 흔들림1"
		},
		{
			"Id": "ParamHairBack8",
			"GroupId": "ParamGroup",
			"Name": "리본 y 흔들림2"
		},
		{
			"Id": "ParamHairBack9",
			"GroupId": "ParamGroup",
			"Name": "리본 다리 y"
		},
		{
			"Id": "ParamHairBack12",
			"GroupId": "ParamGroup",
			"Name": "리본다리x"
		},
		{
			"Id": "ParamHairBack13",
			"GroupId": "ParamGroup",
			"Name": "리본다리x2"
		},
		{
			"Id": "ParamHairBack10",
			"GroupId": "ParamGroup",
			"Name": "리본 다리 y2"
		},
		{
			"Id": "ParamHairBack11",
			"GroupId": "ParamGroup",
			"Name": "리본 다리 y3"
		},
		{
			"Id": "ParamHairBack6",
			"GroupId": "ParamGroup",
			"Name": "머리카락 중앙 흔들림2"
		},
		{
			"Id": "ParamHairBack5",
			"GroupId": "ParamGroup",
			"Name": "머리카락 중앙 흔들림3"
		},
		{
			"Id": "ParamHairBack4",
			"GroupId": "ParamGroup",
			"Name": "머리카락 오른쪽 1 흔들림2"
		},
		{
			"Id": "ParamHairBack3",
			"GroupId": "ParamGroup",
			"Name": "머리카락 오른쪽 1 흔들림3"
		},
		{
			"Id": "ParamHairBack2",
			"GroupId": "ParamGroup",
			"Name": "머리카락 왼쪽 1 흔들림2"
		},
		{
			"Id": "ParamHairBack",
			"GroupId": "ParamGroup",
			"Name": "머리카락 왼쪽 1 흔들림3"
		},
		{
			"Id": "Param20",
			"GroupId": "ParamGroup",
			"Name": "머리카락 중앙2 흔들림2"
		},
		{
			"Id": "Param19",
			"GroupId": "ParamGroup",
			"Name": "머리카락 중앙2 흔들림3"
		},
		{
			"Id": "Param21",
			"GroupId": "ParamGroup",
			"Name": "머리카락 중앙3 흔들림2"
		},
		{
			"Id": "Param22",
			"GroupId": "ParamGroup",
			"Name": "머리카락 중앙3 흔들림3"
		},
		{
			"Id": "Param23",
			"GroupId": "ParamGroup",
			"Name": "머리카락 오른쪽 2 흔들림2"
		},
		{
			"Id": "Param24",
			"GroupId": "ParamGroup",
			"Name": "머리카락 오른쪽 2 흔들림3"
		},
		{
			"Id": "Param29",
			"GroupId": "ParamGroup",
			"Name": "머리카락 왼쪽2 흔들림2"
		},
		{
			"Id": "Param28",
			"GroupId": "ParamGroup",
			"Name": "머리카락 왼쪽2 흔들림3"
		},
		{
			"Id": "Param56",
			"GroupId": "ParamGroup",
			"Name": "뒷머리 y흔들림 1"
		},
		{
			"Id": "Param57",
			"GroupId": "ParamGroup",
			"Name": "뒷머리 y 흔들림2"
		},
		{
			"Id": "Param58",
			"GroupId": "ParamGroup",
			"Name": "뒷머리 y 흔들림3"
		},
		{
			"Id": "Param59",
			"GroupId": "ParamGroup",
			"Name": "뒷머리 y 흔들림4"
		},
		{
			"Id": "Param30",
			"GroupId": "ParamGroup",
			"Name": "뒷머리 오른쪽 흔들림x1"
		},
		{
			"Id": "Param27",
			"GroupId": "ParamGroup",
			"Name": "뒷머리 오른쪽 흔들림x2"
		},
		{
			"Id": "Param26",
			"GroupId": "ParamGroup",
			"Name": "뒷머리 오른쪽 흔들림x3"
		},
		{
			"Id": "Param31",
			"GroupId": "ParamGroup",
			"Name": "뒷머리 오른쪽 흔들림x4"
		},
		{
			"Id": "Param54",
			"GroupId": "ParamGroup",
			"Name": "뒷머리 오른쪽 흔들림x5"
		},
		{
			"Id": "Param55",
			"GroupId": "ParamGroup",
			"Name": "뒷머리 오른쪽 흔들림x6"
		},
		{
			"Id": "Param32",
			"GroupId": "ParamGroup",
			"Name": "뒷머리 왼쪽 흔들림1"
		},
		{
			"Id": "Param33",
			"GroupId": "ParamGroup",
			"Name": "뒷머리 중앙x1"
		},
		{
			"Id": "Param34",
			"GroupId": "ParamGroup",
			"Name": "뒷머리 중앙x2"
		},
		{
			"Id": "Param35",
			"GroupId": "ParamGroup",
			"Name": "뒷머리 중앙x3"
		},
		{
			"Id": "Param36",
			"GroupId": "ParamGroup",
			"Name": "뒷머리 중앙x4"
		},
		{
			"Id": "Param64",
			"GroupId": "ParamGroup",
			"Name": "뒷머리 중앙x5"
		},
		{
			"Id": "Param37",
			"GroupId": "ParamGroup",
			"Name": "뒷머리 중앙y1"
		},
		{
			"Id": "Param38",
			"GroupId": "ParamGroup",
			"Name": "뒷머리 중앙y2"
		},
		{
			"Id": "Param39",
			"GroupId": "ParamGroup",
			"Name": "뒷머리 중앙y3"
		},
		{
			"Id": "Param40",
			"GroupId": "ParamGroup",
			"Name": "뒷머리 중앙y4"
		},
		{
			"Id": "Param71",
			"GroupId": "ParamGroup",
			"Name": "뒷머리 오른쪽2 흔들림 1"
		},
		{
			"Id": "Param72",
			"GroupId": "ParamGroup",
			"Name": "뒷머리 오른쪽2 흔들림 1"
		},
		{
			"Id": "Param69",
			"GroupId": "ParamGroup",
			"Name": "뒷머리 오른쪽2 흔들림 3"
		},
		{
			"Id": "Param70",
			"GroupId": "ParamGroup",
			"Name": "뒷머리 오른쪽2 흔들림 4"
		},
		{
			"Id": "Param67",
			"GroupId": "ParamGroup",
			"Name": "뒷머리 왼쪽2 흔들림1"
		},
		{
			"Id": "Param68",
			"GroupId": "ParamGroup",
			"Name": "뒷머리 왼쪽2 흔들림2"
		},
		{
			"Id": "Param66",
			"GroupId": "ParamGroup",
			"Name": "뒷머리 왼쪽2 흔들림3"
		},
		{
			"Id": "Param65",
			"GroupId": "ParamGroup",
			"Name": "뒷머리 왼쪽2 흔들림4"
		},
		{
			"Id": "Param78",
			"GroupId": "ParamGroup",
			"Name": "뒷머리 오른쪽1 1"
		},
		{
			"Id": "Param79",
			"GroupId": "ParamGroup",
			"Name": "뒷머리 오른쪽1 2"
		},
		{
			"Id": "Param77",
			"GroupId": "ParamGroup",
			"Name": "뒷머리 오른쪽1 3"
		},
		{
			"Id": "Param76",
			"GroupId": "ParamGroup",
			"Name": "뒷머리 오른쪽1 4"
		},
		{
			"Id": "Param83",
			"GroupId": "ParamGroup",
			"Name": "뒷머리 오른쪽1 5"
		},
		{
			"Id": "Param94",
			"GroupId": "ParamGroup",
			"Name": "뒷머리 왼쪽1 1"
		},
		{
			"Id": "Param95",
			"GroupId": "ParamGroup",
			"Name": "뒷머리 왼쪽1 2"
		},
		{
			"Id": "Param96",
			"GroupId": "ParamGroup",
			"Name": "뒷머리 왼쪽1 3"
		},
		{
			"Id": "Param97",
			"GroupId": "ParamGroup",
			"Name": "뒷머리 왼쪽1 4"
		},
		{
			"Id": "Param98",
			"GroupId": "ParamGroup",
			"Name": "뒷머리 왼쪽1 5"
		},
		{
			"Id": "Param90",
			"GroupId": "ParamGroup",
			"Name": "뒷머리 오른쪽 왼쪽1 y1"
		},
		{
			"Id": "Param91",
			"GroupId": "ParamGroup",
			"Name": "뒷머리 오른쪽 왼쪽1 y2"
		},
		{
			"Id": "Param92",
			"GroupId": "ParamGroup",
			"Name": "뒷머리 오른쪽 왼쪽1 y3"
		},
		{
			"Id": "Param93",
			"GroupId": "ParamGroup",
			"Name": "뒷머리 오른쪽 왼쪽1 y4"
		}
	],
	"ParameterGroups": [
		{
			"Id": "ParamGroup2",
			"GroupId": "",
			"Name": "Folder 2"
		},
		{
			"Id": "ParamGroup",
			"GroupId": "",
			"Name": "Folder 1"
		}
	],
	"Parts": [
		{
			"Id": "Part",
			"Name": "폴더 3"
		},
		{
			"Id": "PartSketch0",
			"Name": "[ 밑그림 ]"
		},
		{
			"Id": "Part4",
			"Name": "앞머리"
		},
		{
			"Id": "Part6",
			"Name": "볼 부풀리기"
		},
		{
			"Id": "Part3",
			"Name": "일반 입 전체"
		},
		{
			"Id": "Part2",
			"Name": "눈 전체"
		},
		{
			"Id": "ArtMesh79_Skinning",
			"Name": "손 왼쪽(스키닝)"
		},
		{
			"Id": "Part10",
			"Name": "손 왼쪽(회전)"
		},
		{
			"Id": "Part5",
			"Name": "뒷머리"
		},
		{
			"Id": "ArtMesh106_Skinning",
			"Name": "뒷머리 1(스키닝)"
		},
		{
			"Id": "Part11",
			"Name": "뒷머리 1(회전)"
		}
	],
	"CombinedParameters": [
		[
			"Param17",
			"Param18"
		],
		[
			"Param81",
			"Param82"
		],
		[
			"ParamEyeBallX",
			"ParamEyeBallY"
		],
		[
			"ParamBrowLX",
			"ParamBrowLY"
		],
		[
			"ParamBrowRX",
			"ParamBrowRY"
		],
		[
			"ParamBrowLAngle",
			"ParamBrowLForm"
		],
		[
			"ParamBrowRAngle",
			"ParamBrowRForm"
		]
	]
}