{
	"Version": 3,
	"Meta": {
		"Duration": 4,
		"Fps": 60.0,
		"Loop": true,
		"AreBeziersRestricted": true,
		"CurveCount": 6,
		"TotalSegmentCount": 18,
		"TotalPointCount": 56,
		"UserDataCount": 0,
		"TotalUserDataSize": 0
	},
	"Curves": [
		{
			"Target": "Parameter",
			"Id": "Param74",
			"Segments": [
				0,
				1,
				0,
				4,
				1
			]
		},
		{
			"Target": "Parameter",
			"Id": "Param87",
			"Segments": [
				0,
				-30,
				1,
				0.333,
				-30,
				0.667,
				30,
				1,
				30,
				1,
				1.333,
				30,
				1.667,
				-30,
				2,
				-30,
				1,
				2.333,
				-30,
				2.667,
				30,
				3,
				30,
				1,
				3.333,
				30,
				3.667,
				-30,
				4,
				-30
			]
		},
		{
			"Target": "Parameter",
			"Id": "Param88",
			"Segments": [
				0,
				30,
				1,
				0.333,
				30,
				0.667,
				-30,
				1,
				-30,
				1,
				1.333,
				-30,
				1.667,
				30,
				2,
				30,
				1,
				2.333,
				30,
				2.667,
				-30,
				3,
				-30,
				1,
				3.333,
				-30,
				3.667,
				30,
				4,
				30
			]
		},
		{
			"Target": "Parameter",
			"Id": "Param86",
			"Segments": [
				0,
				-30,
				1,
				0.333,
				-30,
				0.667,
				30,
				1,
				30,
				1,
				1.333,
				30,
				1.667,
				-30,
				2,
				-30,
				1,
				2.333,
				-30,
				2.667,
				30,
				3,
				30,
				1,
				3.333,
				30,
				3.667,
				-30,
				4,
				-30
			]
		},
		{
			"Target": "Parameter",
			"Id": "Param84",
			"Segments": [
				0,
				30,
				1,
				0.333,
				30,
				0.667,
				-30,
				1,
				-30,
				1,
				1.333,
				-30,
				1.667,
				30,
				2,
				30,
				1,
				2.333,
				30,
				2.667,
				-30,
				3,
				-30,
				1,
				3.333,
				-30,
				3.667,
				30,
				4,
				30
			]
		},
		{
			"Target": "Parameter",
			"Id": "Param60",
			"Segments": [
				0,
				-30,
				0,
				4,
				30
			]
		}
	]
}